Segment,Start,End,NGS_read_count
CY147318.1,102,155,2
CY147318.1,112,163,2
CY147318.1,1191,1271,4
CY147318.1,1280,1680,3
CY147318.1,128,1406,2
CY147318.1,130,1488,1
CY147318.1,131,1471,1
CY147318.1,131,1519,1
CY147318.1,1358,1601,2
CY147318.1,136,1509,1
CY147318.1,1481,1582,2
CY147318.1,152,1518,1
CY147318.1,1548,1591,2
CY147318.1,1577,1651,1
CY147318.1,1680,1715,2
CY147318.1,171,1513,1
CY147318.1,187,1560,2
CY147318.1,189,1616,2
CY147318.1,212,1535,4
CY147318.1,219,1471,1
CY147318.1,221,1428,1
CY147318.1,226,1427,2
CY147318.1,232,1435,1
CY147318.1,235,1393,3
CY147318.1,248,725,1
CY147318.1,252,1419,2
CY147318.1,259,1380,1
CY147318.1,264,1213,5
CY147318.1,268,1645,2
CY147318.1,271,1325,2
CY147318.1,271,1363,3
CY147318.1,27,1367,1
CY147318.1,360,1144,3
CY147318.1,385,1446,1
CY147318.1,403,1709,2
CY147318.1,412,1111,2
CY147318.1,427,1244,2
CY147318.1,429,1414,3
CY147318.1,432,570,2
CY147318.1,435,1172,2
CY147318.1,440,1123,1
CY147318.1,444,1036,1
CY147318.1,482,1322,2
CY147318.1,549,1109,4
CY147318.1,553,1088,3
CY147318.1,574,1006,2
CY147318.1,57,1601,3
CY147318.1,649,1635,2
CY147318.1,652,1035,2
CY147318.1,67,1428,2
CY147318.1,71,110,2
CY147318.1,85,1461,1
CY147318.1,883,943,2
CY147318.1,90,1512,1
CY147318.1,916,1000,2
CY147318.1,916,1195,1
CY147318.1,91,1472,3
CY147318.1,977,1600,1
CY147319.1,141,797,2
CY147319.1,145,184,7
CY147319.1,179,573,2
CY147319.1,187,383,4
CY147319.1,191,757,2
CY147319.1,193,819,3
CY147319.1,193,895,2
CY147319.1,200,737,4
CY147319.1,242,796,2
CY147319.1,245,723,3
CY147319.1,252,731,7
CY147319.1,252,782,3
CY147319.1,253,802,1
CY147319.1,268,808,2
CY147319.1,286,751,2
CY147319.1,287,829,1
CY147319.1,296,675,1
CY147319.1,305,744,1
CY147319.1,315,655,4
CY147319.1,317,803,4
CY147319.1,328,766,1
CY147319.1,354,381,1
CY147319.1,358,579,1
CY147319.1,368,613,2
CY147319.1,379,437,3
CY147319.1,379,668,2
CY147319.1,384,649,2
CY147319.1,384,746,1
CY147319.1,386,816,2
CY147319.1,401,678,2
CY147319.1,406,946,1
CY147319.1,408,492,2
CY147319.1,443,550,4
CY147319.1,465,556,4
CY147319.1,489,564,4
CY147319.1,510,539,2
CY147319.1,526,600,2
CY147319.1,532,556,1
CY147319.1,53,131,1
CY147319.1,565,715,2
CY147319.1,580,621,2
CY147319.1,633,673,2
CY147319.1,640,731,4
CY147319.1,740,777,2
CY147319.1,74,184,2
CY147319.1,753,812,1
CY147319.1,880,914,4
CY147319.1,891,928,3
CY147319.1,905,929,1
CY147320.1,100,1203,1
CY147320.1,1020,1058,4
CY147320.1,1023,1120,2
CY147320.1,110,1312,1
CY147320.1,116,1187,2
CY147320.1,116,1206,3
CY147320.1,1176,1244,2
CY147320.1,1190,1239,1
CY147320.1,121,1274,1
CY147320.1,126,1087,6
CY147320.1,128,1177,1
CY147320.1,1294,1348,3
CY147320.1,1346,1373,1
CY147320.1,139,1115,2
CY147320.1,140,1209,1
CY147320.1,150,1352,1
CY147320.1,157,1143,4
CY147320.1,158,1205,3
CY147320.1,160,1148,3
CY147320.1,163,1039,4
CY147320.1,164,1181,2
CY147320.1,165,280,1
CY147320.1,167,1304,2
CY147320.1,167,237,1
CY147320.1,167,673,2
CY147320.1,168,267,3
CY147320.1,169,372,3
CY147320.1,175,1162,1
CY147320.1,177,1203,1
CY147320.1,178,621,2
CY147320.1,181,1053,3
CY147320.1,196,1131,1
CY147320.1,197,1148,1
CY147320.1,201,258,2
CY147320.1,206,1252,1
CY147320.1,216,1307,1
CY147320.1,217,1253,3
CY147320.1,218,1238,7
CY147320.1,220,1136,1
CY147320.1,235,1126,2
CY147320.1,240,1214,1
CY147320.1,241,1072,1
CY147320.1,250,1138,2
CY147320.1,252,1256,1
CY147320.1,25,59,3
CY147320.1,266,1108,1
CY147320.1,271,1147,1
CY147320.1,272,1360,1
CY147320.1,280,1206,1
CY147320.1,280,1319,4
CY147320.1,285,1127,2
CY147320.1,291,1141,1
CY147320.1,297,1094,2
CY147320.1,299,340,2
CY147320.1,301,1165,6
CY147320.1,301,933,2
CY147320.1,341,896,2
CY147320.1,364,948,2
CY147320.1,367,811,2
CY147320.1,370,425,4
CY147320.1,377,1296,2
CY147320.1,385,1009,2
CY147320.1,385,1055,9
CY147320.1,390,886,3
CY147320.1,400,912,1
CY147320.1,401,935,2
CY147320.1,402,916,5
CY147320.1,414,892,2
CY147320.1,417,804,3
CY147320.1,464,791,2
CY147320.1,465,895,2
CY147320.1,500,697,2
CY147320.1,501,636,1
CY147320.1,502,556,5
CY147320.1,507,896,3
CY147320.1,508,836,4
CY147320.1,522,577,2
CY147320.1,534,1055,2
CY147320.1,568,652,1
CY147320.1,576,682,2
CY147320.1,57,79,2
CY147320.1,594,624,4
CY147320.1,598,725,2
CY147320.1,599,799,4
CY147320.1,601,1019,2
CY147320.1,649,725,1
CY147320.1,66,104,2
CY147320.1,69,1257,2
CY147320.1,70,106,1
CY147320.1,71,1133,2
CY147320.1,721,779,3
CY147320.1,78,1206,2
CY147320.1,831,877,4
CY147320.1,84,1124,1
CY147320.1,915,956,2
CY147320.1,96,1078,6
CY147320.1,96,1206,1
CY147320.1,994,1028,2
CY147321.1,1029,1360,1
CY147321.1,1167,1207,3
CY147321.1,119,1335,1
CY147321.1,1283,1342,2
CY147321.1,1314,1342,2
CY147321.1,1323,1375,2
CY147321.1,1327,1355,2
CY147321.1,136,1021,1
CY147321.1,155,1159,3
CY147321.1,155,1340,2
CY147321.1,164,893,2
CY147321.1,165,1382,2
CY147321.1,182,1112,4
CY147321.1,182,1223,2
CY147321.1,182,1296,1
CY147321.1,183,1329,1
CY147321.1,183,1394,1
CY147321.1,184,1256,4
CY147321.1,188,1481,1
CY147321.1,189,1368,3
CY147321.1,198,1266,8
CY147321.1,199,1054,2
CY147321.1,212,1199,3
CY147321.1,241,1184,2
CY147321.1,242,1289,1
CY147321.1,244,1231,2
CY147321.1,266,1198,3
CY147321.1,269,1159,1
CY147321.1,276,1125,2
CY147321.1,278,1227,4
CY147321.1,284,1144,2
CY147321.1,285,363,1
CY147321.1,318,1131,1
CY147321.1,379,413,3
CY147321.1,410,1111,1
CY147321.1,422,944,2
CY147321.1,468,653,4
CY147321.1,536,1383,3
CY147321.1,536,684,2
CY147321.1,565,657,2
CY147321.1,667,853,2
CY147321.1,69,1319,2
CY147321.1,81,204,3
CY147322.1,100,123,1
CY147322.1,103,153,1
CY147322.1,106,629,1
CY147322.1,111,146,1
CY147322.1,112,518,1
CY147322.1,123,617,1
CY147322.1,138,173,3
CY147322.1,139,517,2
CY147322.1,144,591,1
CY147322.1,146,538,4
CY147322.1,175,627,1
CY147322.1,185,718,2
CY147322.1,186,548,4
CY147322.1,186,677,2
CY147322.1,188,680,3
CY147322.1,199,652,1
CY147322.1,201,233,6
CY147322.1,202,243,1
CY147322.1,202,666,3
CY147322.1,202,711,1
CY147322.1,205,398,1
CY147322.1,216,488,1
CY147322.1,219,662,3
CY147322.1,233,602,6
CY147322.1,241,363,4
CY147322.1,241,539,2
CY147322.1,244,600,2
CY147322.1,246,710,3
CY147322.1,247,677,2
CY147322.1,280,519,3
CY147322.1,291,413,3
CY147322.1,291,559,2
CY147322.1,295,611,1
CY147322.1,320,607,2
CY147322.1,322,419,4
CY147322.1,327,379,1
CY147322.1,328,443,2
CY147322.1,333,538,1
CY147322.1,335,510,8
CY147322.1,339,398,2
CY147322.1,352,831,1
CY147322.1,372,535,2
CY147322.1,386,416,3
CY147322.1,426,552,2
CY147322.1,469,593,1
CY147322.1,487,510,2
CY147322.1,502,526,2
CY147322.1,504,532,1
CY147322.1,508,531,1
CY147322.1,517,566,1
CY147322.1,52,612,1
CY147322.1,553,595,1
CY147322.1,604,630,2
CY147322.1,606,659,1
CY147322.1,668,801,1
CY147322.1,707,729,1
CY147322.1,723,792,1
CY147322.1,738,794,1
CY147322.1,778,822,1
CY147322.1,88,211,1
CY147323.1,100,2000,116
CY147323.1,103,1776,2
CY147323.1,104,1771,1
CY147323.1,105,1772,125
CY147323.1,105,1860,2
CY147323.1,105,1927,1
CY147323.1,1069,1134,1
CY147323.1,106,142,2
CY147323.1,106,1893,1
CY147323.1,106,1930,1
CY147323.1,107,136,8
CY147323.1,109,1817,1
CY147323.1,110,1818,6
CY147323.1,113,1821,3990
CY147323.1,113,1910,1
CY147323.1,113,1923,2
CY147323.1,113,1943,18
CY147323.1,113,1983,3
CY147323.1,113,1995,4
CY147323.1,114,1792,3
CY147323.1,114,1822,11
CY147323.1,114,1960,15
CY147323.1,115,145,50
CY147323.1,115,1833,94
CY147323.1,115,1959,1
CY147323.1,116,142,2
CY147323.1,116,1707,2
CY147323.1,116,1790,1
CY147323.1,116,1885,4
CY147323.1,116,1944,1
CY147323.1,116,2030,5
CY147323.1,117,1666,2
CY147323.1,117,175,1
CY147323.1,118,148,1
CY147323.1,119,1706,1
CY147323.1,119,1841,1
CY147323.1,121,188,2
CY147323.1,122,161,1
CY147323.1,122,165,187
CY147323.1,123,1960,2
CY147323.1,1252,1281,4
CY147323.1,125,1805,2
CY147323.1,125,1860,2
CY147323.1,125,1961,1
CY147323.1,126,149,5
CY147323.1,126,1852,2
CY147323.1,126,1858,6
CY147323.1,126,1948,1
CY147323.1,126,209,4
CY147323.1,126,239,2
CY147323.1,127,2001,2
CY147323.1,128,1823,4
CY147323.1,128,1867,2
CY147323.1,130,1971,9
CY147323.1,131,1924,1
CY147323.1,131,198,2
CY147323.1,131,1981,1
CY147323.1,1324,1438,1
CY147323.1,132,1844,3
CY147323.1,132,274,1
CY147323.1,133,160,6
CY147323.1,133,1813,2
CY147323.1,133,1843,30
CY147323.1,133,1911,2
CY147323.1,133,1922,1
CY147323.1,133,1959,1
CY147323.1,133,1965,1
CY147323.1,134,176,1
CY147323.1,134,1829,1
CY147323.1,134,1883,4
CY147323.1,134,1901,1
CY147323.1,134,1903,5
CY147323.1,134,1915,28
CY147323.1,134,1944,1
CY147323.1,134,2051,1
CY147323.1,134,230,2
CY147323.1,135,1912,6
CY147323.1,135,1953,5
CY147323.1,135,210,2
CY147323.1,137,1849,4
CY147323.1,137,1972,32
CY147323.1,137,1973,15
CY147323.1,139,1897,5
CY147323.1,140,1394,1
CY147323.1,140,162,2
CY147323.1,140,163,2
CY147323.1,140,186,2
CY147323.1,140,1927,1
CY147323.1,141,167,2
CY147323.1,141,174,6
CY147323.1,141,1868,6
CY147323.1,141,1885,2
CY147323.1,141,1915,11
CY147323.1,141,1952,6
CY147323.1,141,1971,2
CY147323.1,142,168,1
CY147323.1,142,1799,2
CY147323.1,142,1836,5
CY147323.1,142,1871,5
CY147323.1,142,1884,48
CY147323.1,142,1894,3
CY147323.1,142,1900,5
CY147323.1,142,1910,1
CY147323.1,142,327,5
CY147323.1,1434,1920,130
CY147323.1,143,1397,94
CY147323.1,143,1844,18
CY147323.1,143,190,3
CY147323.1,143,1916,11
CY147323.1,143,1928,55
CY147323.1,143,1943,1
CY147323.1,143,1966,1
CY147323.1,145,1927,2
CY147323.1,147,292,10
CY147323.1,148,1858,4
CY147323.1,149,1851,1
CY147323.1,149,1890,2
CY147323.1,149,2031,7
CY147323.1,150,1900,2
CY147323.1,1516,1697,2
CY147323.1,151,1864,5
CY147323.1,152,1877,3
CY147323.1,157,1712,2
CY147323.1,157,1882,1
CY147323.1,157,1896,3
CY147323.1,1589,1624,2
CY147323.1,158,1703,3
CY147323.1,158,205,1
CY147323.1,1598,2031,2
CY147323.1,159,1785,1
CY147323.1,159,1880,2
CY147323.1,160,1815,2
CY147323.1,160,1888,19
CY147323.1,160,1927,2
CY147323.1,160,1928,19
CY147323.1,161,2050,1
CY147323.1,161,208,192
CY147323.1,162,1900,4
CY147323.1,162,1958,1
CY147323.1,162,2004,4
CY147323.1,163,1884,2
CY147323.1,163,190,1
CY147323.1,163,1926,13
CY147323.1,1648,1928,2
CY147323.1,164,1877,1
CY147323.1,164,1942,1
CY147323.1,1654,1700,1
CY147323.1,165,1843,6
CY147323.1,165,1926,1
CY147323.1,165,1942,3
CY147323.1,165,216,889
CY147323.1,166,1672,9
CY147323.1,166,1906,8
CY147323.1,166,1911,48
CY147323.1,166,1924,9
CY147323.1,166,1930,1
CY147323.1,166,1944,109
CY147323.1,166,2029,16
CY147323.1,166,2037,5
CY147323.1,166,207,1
CY147323.1,166,238,3
CY147323.1,166,279,1
CY147323.1,167,1692,1
CY147323.1,167,1862,2
CY147323.1,167,1897,2
CY147323.1,167,1912,1
CY147323.1,167,2031,10
CY147323.1,167,218,2
CY147323.1,167,235,196
CY147323.1,168,1845,13
CY147323.1,168,1865,1
CY147323.1,168,1883,3
CY147323.1,168,1889,2
CY147323.1,168,1893,7
CY147323.1,168,1901,1
CY147323.1,168,1907,2
CY147323.1,168,1930,1
CY147323.1,168,1967,2
CY147323.1,168,197,1
CY147323.1,168,1984,1
CY147323.1,168,2030,55
CY147323.1,1692,1766,4
CY147323.1,1694,1806,3
CY147323.1,169,1864,11
CY147323.1,170,1792,1
CY147323.1,170,1869,2
CY147323.1,170,1913,6
CY147323.1,170,2016,2
CY147323.1,170,211,407
CY147323.1,170,222,2
CY147323.1,1715,1888,2
CY147323.1,1719,1821,20
CY147323.1,171,1771,2
CY147323.1,171,1872,2
CY147323.1,1720,1882,2
CY147323.1,1727,1792,29
CY147323.1,1728,1777,2
CY147323.1,172,1829,6
CY147323.1,172,1881,2
CY147323.1,172,1893,4
CY147323.1,172,1926,1
CY147323.1,172,1927,8
CY147323.1,172,1935,1
CY147323.1,1730,1790,8
CY147323.1,1732,2038,7
CY147323.1,1736,1841,23
CY147323.1,173,1779,4
CY147323.1,173,1796,3
CY147323.1,173,1831,3
CY147323.1,173,1865,21
CY147323.1,173,1870,3
CY147323.1,173,1877,3
CY147323.1,173,1885,2
CY147323.1,173,1893,76
CY147323.1,173,1901,9
CY147323.1,173,1902,5
CY147323.1,173,1903,25
CY147323.1,173,1914,1
CY147323.1,173,1915,17
CY147323.1,173,1930,67
CY147323.1,173,1934,1
CY147323.1,173,2029,3
CY147323.1,173,2030,13
CY147323.1,174,1807,4
CY147323.1,174,1820,2
CY147323.1,174,1859,1
CY147323.1,174,1871,4
CY147323.1,174,1912,68
CY147323.1,174,1920,2
CY147323.1,174,1926,5
CY147323.1,174,1953,5
CY147323.1,174,1997,1
CY147323.1,174,2023,2
CY147323.1,174,210,4
CY147323.1,175,1857,24
CY147323.1,175,1901,6
CY147323.1,175,1924,1
CY147323.1,176,1874,58
CY147323.1,177,1839,4
CY147323.1,1785,1821,7
CY147323.1,1788,1927,1
CY147323.1,1789,1996,2
CY147323.1,178,2020,3
CY147323.1,180,1983,1
CY147323.1,180,2032,4
CY147323.1,181,1961,3
CY147323.1,1820,1843,4
CY147323.1,1823,1919,1
CY147323.1,1828,1885,3
CY147323.1,182,1540,1
CY147323.1,182,1888,1
CY147323.1,182,2028,2
CY147323.1,182,2029,4
CY147323.1,1837,1870,64
CY147323.1,1837,1892,2
CY147323.1,1838,1871,1
CY147323.1,183,1873,3
CY147323.1,183,1879,2
CY147323.1,183,1888,5
CY147323.1,183,1909,2
CY147323.1,183,1963,8
CY147323.1,1841,1877,2
CY147323.1,1843,1909,6
CY147323.1,1843,1972,3
CY147323.1,1846,1875,2
CY147323.1,1846,1973,5
CY147323.1,184,1861,5
CY147323.1,184,1876,1
CY147323.1,184,1949,24
CY147323.1,184,218,3
CY147323.1,185,1789,2
CY147323.1,185,1835,2
CY147323.1,185,1888,3
CY147323.1,185,1899,1
CY147323.1,185,1922,6
CY147323.1,185,1929,52
CY147323.1,185,1945,1
CY147323.1,1863,1904,3
CY147323.1,1864,1893,1
CY147323.1,1864,1903,2
CY147323.1,1866,1927,1
CY147323.1,186,235,4
CY147323.1,186,273,9
CY147323.1,1871,1896,1
CY147323.1,1879,1927,1
CY147323.1,187,1845,29
CY147323.1,187,1865,1
CY147323.1,187,1881,1
CY147323.1,187,1885,4
CY147323.1,187,1925,1
CY147323.1,187,1967,1
CY147323.1,187,2030,1
CY147323.1,187,2038,1
CY147323.1,187,220,3
CY147323.1,187,230,2
CY147323.1,187,239,1
CY147323.1,1883,1920,1
CY147323.1,1884,1930,5
CY147323.1,1886,1916,2
CY147323.1,1888,1956,2
CY147323.1,188,1871,32
CY147323.1,188,1888,2
CY147323.1,188,1894,28
CY147323.1,188,1900,4
CY147323.1,188,1923,19
CY147323.1,1892,1952,1
CY147323.1,189,1876,5
CY147323.1,189,1909,2
CY147323.1,189,1921,3
CY147323.1,189,1928,20
CY147323.1,189,1936,23
CY147323.1,1900,1925,663
CY147323.1,1901,1925,1
CY147323.1,1901,1930,32
CY147323.1,190,1837,2
CY147323.1,190,1880,2
CY147323.1,190,1885,5
CY147323.1,190,1891,2
CY147323.1,190,1911,4
CY147323.1,190,1924,3
CY147323.1,1912,1954,2
CY147323.1,191,1846,32
CY147323.1,191,1968,2
CY147323.1,1921,1951,2
CY147323.1,1926,2020,1
CY147323.1,1927,1950,3
CY147323.1,1927,1960,4
CY147323.1,1927,1966,4
CY147323.1,1927,1973,2
CY147323.1,192,1705,2
CY147323.1,192,1870,4
CY147323.1,192,1902,1
CY147323.1,192,1967,3
CY147323.1,193,2009,12
CY147323.1,1944,1971,3
CY147323.1,1948,2033,1
CY147323.1,194,1977,6
CY147323.1,194,2002,29
CY147323.1,194,2028,2
CY147323.1,1951,2030,11
CY147323.1,1951,2036,1014
CY147323.1,1958,1985,2
CY147323.1,195,1708,3
CY147323.1,195,1908,4
CY147323.1,195,1919,31
CY147323.1,195,1986,1
CY147323.1,1966,1996,5
CY147323.1,1968,2032,3
CY147323.1,196,1782,35
CY147323.1,196,1865,3
CY147323.1,196,1880,5
CY147323.1,196,1885,5
CY147323.1,196,1907,277
CY147323.1,196,1911,4
CY147323.1,196,1944,1
CY147323.1,196,2029,1
CY147323.1,1971,1999,3
CY147323.1,1971,2031,9
CY147323.1,1976,2089,1
CY147323.1,1977,2003,2
CY147323.1,1978,2030,7
CY147323.1,197,1887,1
CY147323.1,197,2031,1
CY147323.1,197,249,2
CY147323.1,1982,2031,7
CY147323.1,1982,2046,3
CY147323.1,1988,2057,2
CY147323.1,198,1798,2
CY147323.1,198,1868,1
CY147323.1,198,1870,14
CY147323.1,198,1883,3
CY147323.1,198,2030,3
CY147323.1,1992,2030,2
CY147323.1,1994,2017,12
CY147323.1,1995,2030,7
CY147323.1,1995,2051,6
CY147323.1,1996,2026,10
CY147323.1,199,1893,3
CY147323.1,199,1911,13
CY147323.1,2005,2030,88
CY147323.1,200,1876,644
CY147323.1,200,233,2
CY147323.1,2013,2041,2
CY147323.1,2015,2075,1
CY147323.1,2016,2044,1
CY147323.1,2017,2039,2
CY147323.1,2018,2045,2
CY147323.1,201,1919,2
CY147323.1,201,267,1
CY147323.1,2021,2046,1
CY147323.1,2029,2052,80
CY147323.1,2029,2053,1
CY147323.1,202,2041,1
CY147323.1,203,1925,2
CY147323.1,203,1975,2
CY147323.1,204,1913,3
CY147323.1,204,2027,20
CY147323.1,205,1787,1
CY147323.1,205,1972,1
CY147323.1,2063,2096,2
CY147323.1,206,1604,2
CY147323.1,206,1800,43
CY147323.1,206,1878,7
CY147323.1,206,312,1
CY147323.1,207,1922,6
CY147323.1,207,2017,1
CY147323.1,207,237,7
CY147323.1,208,1786,3
CY147323.1,208,1790,1228
CY147323.1,208,1813,610
CY147323.1,208,1822,2
CY147323.1,208,1831,3
CY147323.1,208,1880,1
CY147323.1,208,1885,4
CY147323.1,208,1892,2
CY147323.1,208,1893,12
CY147323.1,208,1903,3
CY147323.1,208,1924,9
CY147323.1,208,1930,1
CY147323.1,208,1944,1
CY147323.1,208,2030,2
CY147323.1,208,230,11
CY147323.1,208,241,2
CY147323.1,208,242,4
CY147323.1,208,264,289
CY147323.1,208,297,2
CY147323.1,209,1804,1
CY147323.1,209,1805,41
CY147323.1,209,1844,7
CY147323.1,209,1926,2
CY147323.1,209,2027,3
CY147323.1,210,1784,1
CY147323.1,210,1792,1
CY147323.1,210,1850,2
CY147323.1,210,1888,102
CY147323.1,210,1913,43
CY147323.1,210,1954,1
CY147323.1,211,1897,4
CY147323.1,212,1886,5
CY147323.1,212,2038,8
CY147323.1,213,1906,2
CY147323.1,213,1910,2
CY147323.1,213,2020,1
CY147323.1,214,1908,12
CY147323.1,214,1912,2
CY147323.1,215,1779,1
CY147323.1,215,1789,3
CY147323.1,215,1863,2
CY147323.1,215,1879,2
CY147323.1,215,1900,2
CY147323.1,215,1910,3
CY147323.1,215,1929,1
CY147323.1,215,1933,4
CY147323.1,215,2029,1
CY147323.1,216,1792,6
CY147323.1,216,1853,8
CY147323.1,216,1909,7511
CY147323.1,216,1921,4
CY147323.1,216,254,2
CY147323.1,217,1910,6
CY147323.1,218,1723,1
CY147323.1,218,1860,7
CY147323.1,218,1878,2
CY147323.1,218,1941,1
CY147323.1,218,276,31
CY147323.1,219,1865,11
CY147323.1,219,1924,26
CY147323.1,219,1972,280
CY147323.1,219,1973,1
CY147323.1,219,2030,1
CY147323.1,220,1973,1
CY147323.1,221,1888,6
CY147323.1,222,1884,3
CY147323.1,223,1783,3
CY147323.1,223,1819,1
CY147323.1,223,1840,2
CY147323.1,224,1865,7
CY147323.1,224,1873,1
CY147323.1,225,1803,54
CY147323.1,225,2031,3
CY147323.1,228,1767,1
CY147323.1,228,2001,2
CY147323.1,228,2016,4
CY147323.1,229,1865,25
CY147323.1,229,1879,2
CY147323.1,229,1892,82
CY147323.1,229,1893,5
CY147323.1,229,1901,22
CY147323.1,229,1911,10
CY147323.1,229,1925,53
CY147323.1,229,1930,24
CY147323.1,229,1952,442
CY147323.1,229,2029,38
CY147323.1,230,1651,2
CY147323.1,230,1814,1
CY147323.1,230,1846,2
CY147323.1,230,1904,22
CY147323.1,230,1916,10
CY147323.1,230,2046,2
CY147323.1,231,1682,8
CY147323.1,231,1706,1
CY147323.1,231,1883,3
CY147323.1,231,1907,2
CY147323.1,232,1841,6
CY147323.1,232,1869,4
CY147323.1,232,1914,27
CY147323.1,232,1918,6
CY147323.1,233,1768,1
CY147323.1,233,1785,2
CY147323.1,233,1789,377
CY147323.1,233,1792,2
CY147323.1,233,1919,4047
CY147323.1,233,1925,2
CY147323.1,234,1777,2
CY147323.1,234,1830,2
CY147323.1,234,1844,7
CY147323.1,234,1879,2
CY147323.1,234,1999,3
CY147323.1,235,1722,8
CY147323.1,235,1929,1
CY147323.1,235,275,4
CY147323.1,236,1792,2
CY147323.1,236,1828,1
CY147323.1,236,1888,5
CY147323.1,236,2019,1
CY147323.1,236,2029,110
CY147323.1,237,1928,7
CY147323.1,238,1925,33
CY147323.1,238,279,5
CY147323.1,239,1791,4
CY147323.1,239,1846,3
CY147323.1,239,2014,3
CY147323.1,240,1672,3
CY147323.1,240,1712,4
CY147323.1,240,1722,1
CY147323.1,240,1876,2
CY147323.1,240,1930,1
CY147323.1,241,1744,2
CY147323.1,241,1907,9
CY147323.1,241,1911,4
CY147323.1,241,1925,33
CY147323.1,242,1789,5
CY147323.1,242,1798,1
CY147323.1,242,1865,6
CY147323.1,242,1911,9
CY147323.1,242,1925,3
CY147323.1,242,1930,15
CY147323.1,242,2051,4
CY147323.1,243,1882,3
CY147323.1,243,1904,2
CY147323.1,243,1929,16
CY147323.1,244,1838,2
CY147323.1,245,1888,16
CY147323.1,246,1707,1
CY147323.1,247,1910,158
CY147323.1,248,1799,1
CY147323.1,248,1911,2
CY147323.1,248,1928,7
CY147323.1,248,2040,1
CY147323.1,250,1674,2
CY147323.1,250,1903,1
CY147323.1,251,1786,3
CY147323.1,252,2035,1
CY147323.1,253,1675,2
CY147323.1,253,1692,2
CY147323.1,253,1777,4
CY147323.1,253,1877,2
CY147323.1,253,1928,315
CY147323.1,253,1961,2
CY147323.1,253,281,1
CY147323.1,254,1899,1
CY147323.1,254,1936,2
CY147323.1,255,1609,1
CY147323.1,255,1644,10
CY147323.1,255,1918,3
CY147323.1,256,1920,5
CY147323.1,257,1843,2
CY147323.1,257,1920,867
CY147323.1,258,1726,3
CY147323.1,258,1782,12
CY147323.1,258,1796,2
CY147323.1,258,1822,12
CY147323.1,258,1889,2
CY147323.1,258,1984,1
CY147323.1,259,1726,1
CY147323.1,259,1790,3
CY147323.1,259,1885,4
CY147323.1,259,1886,5
CY147323.1,259,1893,2
CY147323.1,259,1902,19
CY147323.1,259,1944,4
CY147323.1,260,1844,1
CY147323.1,260,2026,1
CY147323.1,261,1913,3
CY147323.1,262,1805,52
CY147323.1,262,1881,4
CY147323.1,262,1927,1
CY147323.1,263,1790,13
CY147323.1,263,1806,1
CY147323.1,263,1889,4
CY147323.1,263,1930,109
CY147323.1,263,2063,3
CY147323.1,264,1748,7
CY147323.1,264,1885,2
CY147323.1,266,1414,3
CY147323.1,266,1974,1
CY147323.1,267,1702,22
CY147323.1,267,1918,3
CY147323.1,269,1683,2
CY147323.1,269,1884,2
CY147323.1,270,1776,3
CY147323.1,270,2015,3
CY147323.1,271,1726,29
CY147323.1,271,1782,8
CY147323.1,271,1793,1
CY147323.1,271,1865,4
CY147323.1,272,1748,4
CY147323.1,272,1785,5
CY147323.1,272,1884,2
CY147323.1,273,1789,4
CY147323.1,273,1830,8
CY147323.1,273,1844,6
CY147323.1,273,1869,14
CY147323.1,273,1921,5
CY147323.1,273,307,1
CY147323.1,274,1697,8
CY147323.1,274,1929,198
CY147323.1,275,1777,634
CY147323.1,275,1779,28
CY147323.1,275,1844,64
CY147323.1,277,1808,1
CY147323.1,277,1903,41
CY147323.1,277,2015,1
CY147323.1,278,1776,2
CY147323.1,278,1780,1
CY147323.1,278,1793,2
CY147323.1,278,1813,158
CY147323.1,278,1815,3
CY147323.1,278,1858,1
CY147323.1,278,1901,5
CY147323.1,278,2030,1
CY147323.1,279,1686,4
CY147323.1,279,1748,3
CY147323.1,279,1832,4
CY147323.1,280,1651,5
CY147323.1,280,1844,8
CY147323.1,280,1928,4
CY147323.1,281,1681,3
CY147323.1,281,352,5
CY147323.1,283,1720,149
CY147323.1,283,1786,2
CY147323.1,283,1927,1
CY147323.1,284,1726,4
CY147323.1,284,1790,11
CY147323.1,284,1845,5
CY147323.1,284,1870,3
CY147323.1,284,1883,1
CY147323.1,284,1924,2
CY147323.1,284,2030,3
CY147323.1,287,1798,3
CY147323.1,289,1773,2
CY147323.1,292,1723,2
CY147323.1,293,1725,2
CY147323.1,293,1860,1
CY147323.1,294,1796,3
CY147323.1,294,1843,92
CY147323.1,294,1873,2
CY147323.1,295,1996,10
CY147323.1,295,328,2
CY147323.1,297,1823,1
CY147323.1,298,1798,2
CY147323.1,298,1838,8
CY147323.1,298,1868,3
CY147323.1,298,2030,5
CY147323.1,299,1695,18
CY147323.1,301,1996,2
CY147323.1,303,1892,1
CY147323.1,305,1592,2
CY147323.1,305,1689,3
CY147323.1,305,1842,16
CY147323.1,305,1859,1
CY147323.1,306,1436,2
CY147323.1,308,1751,2
CY147323.1,310,1816,1
CY147323.1,311,1773,51
CY147323.1,312,1726,1
CY147323.1,312,1817,3
CY147323.1,315,1691,4
CY147323.1,315,1813,265
CY147323.1,316,1769,8
CY147323.1,316,1789,4
CY147323.1,318,1672,2
CY147323.1,318,1733,4
CY147323.1,318,1796,7
CY147323.1,321,1675,5
CY147323.1,321,1787,4
CY147323.1,322,1873,2
CY147323.1,324,1733,3
CY147323.1,325,1681,2
CY147323.1,325,1928,4
CY147323.1,326,1720,6
CY147323.1,326,1726,4
CY147323.1,326,1768,3
CY147323.1,326,1843,2
CY147323.1,326,2003,1
CY147323.1,327,1653,3
CY147323.1,327,1726,6
CY147323.1,327,1786,1
CY147323.1,327,1790,3
CY147323.1,327,1822,2
CY147323.1,327,1881,2
CY147323.1,327,1901,7
CY147323.1,328,1837,2
CY147323.1,328,1894,10
CY147323.1,329,1844,2
CY147323.1,329,1928,4
CY147323.1,330,1667,2
CY147323.1,330,2003,3
CY147323.1,331,1672,10
CY147323.1,331,1731,1
CY147323.1,331,1805,2
CY147323.1,331,1810,2
CY147323.1,332,1727,8
CY147323.1,332,1781,2
CY147323.1,332,1791,11
CY147323.1,332,1823,11
CY147323.1,332,1890,3
CY147323.1,334,1725,7
CY147323.1,334,1789,1
CY147323.1,334,1884,8
CY147323.1,334,1900,1
CY147323.1,335,1721,1
CY147323.1,335,1775,1
CY147323.1,335,1844,12
CY147323.1,335,1890,2
CY147323.1,335,2018,1
CY147323.1,339,1704,43
CY147323.1,340,1670,2
CY147323.1,340,1694,1
CY147323.1,340,1705,1
CY147323.1,340,1749,2
CY147323.1,342,1731,2
CY147323.1,342,1782,11
CY147323.1,343,1839,2
CY147323.1,343,1879,1
CY147323.1,344,1709,1
CY147323.1,345,1725,3
CY147323.1,345,1914,7
CY147323.1,346,1721,4
CY147323.1,347,1930,4
CY147323.1,347,1952,2
CY147323.1,348,1727,5
CY147323.1,348,1781,7
CY147323.1,348,1791,3
CY147323.1,349,1847,5
CY147323.1,350,1807,3
CY147323.1,352,1760,2
CY147323.1,352,1913,1
CY147323.1,353,1953,5
CY147323.1,354,1720,19
CY147323.1,355,1725,3
CY147323.1,356,1696,1
CY147323.1,356,1727,1
CY147323.1,357,1672,5
CY147323.1,357,1680,4
CY147323.1,357,1749,2
CY147323.1,357,1914,4
CY147323.1,357,1925,3
CY147323.1,358,1908,1
CY147323.1,359,1730,1
CY147323.1,359,1900,2
CY147323.1,35,104,1
CY147323.1,360,1720,23
CY147323.1,360,1726,6
CY147323.1,360,1973,3
CY147323.1,361,1654,85
CY147323.1,361,1672,7
CY147323.1,361,1726,7
CY147323.1,361,1752,4
CY147323.1,361,1786,2
CY147323.1,361,1790,6
CY147323.1,361,1811,2
CY147323.1,361,1911,287
CY147323.1,363,1727,2
CY147323.1,363,1787,11
CY147323.1,364,1772,2
CY147323.1,364,1840,1
CY147323.1,365,1673,7
CY147323.1,365,1720,4
CY147323.1,365,1808,3
CY147323.1,365,1919,2
CY147323.1,366,1612,3
CY147323.1,366,1749,8
CY147323.1,366,1930,2
CY147323.1,367,1720,1
CY147323.1,367,1721,1
CY147323.1,367,1727,4
CY147323.1,367,1745,7
CY147323.1,367,1797,3
CY147323.1,369,1918,2
CY147323.1,370,1862,2
CY147323.1,371,1774,35
CY147323.1,371,1778,1
CY147323.1,371,1881,3
CY147323.1,371,1918,3
CY147323.1,373,1791,4
CY147323.1,373,1836,3
CY147323.1,373,1905,5
CY147323.1,375,1672,27
CY147323.1,375,1958,1
CY147323.1,376,1732,3
CY147323.1,376,1925,3
CY147323.1,377,1797,13
CY147323.1,377,1960,2
CY147323.1,378,1720,2
CY147323.1,378,1761,10
CY147323.1,379,1822,21
CY147323.1,379,2030,1
CY147323.1,381,1720,4
CY147323.1,385,1852,2
CY147323.1,386,1574,1
CY147323.1,386,421,3
CY147323.1,387,1566,1
CY147323.1,387,1721,10
CY147323.1,387,1792,1
CY147323.1,388,1725,2
CY147323.1,388,1785,5
CY147323.1,388,1969,2
CY147323.1,392,1721,2
CY147323.1,392,1777,4
CY147323.1,392,1844,3
CY147323.1,396,1749,2
CY147323.1,397,1732,4
CY147323.1,398,1572,1
CY147323.1,398,428,1
CY147323.1,399,1709,6
CY147323.1,402,1726,5
CY147323.1,402,1749,2
CY147323.1,402,1800,3
CY147323.1,403,1672,1
CY147323.1,403,1726,1
CY147323.1,403,1731,3
CY147323.1,403,1749,2
CY147323.1,403,1790,547
CY147323.1,403,1838,6
CY147323.1,403,1893,4
CY147323.1,405,1680,2
CY147323.1,408,1805,1
CY147323.1,409,1789,2
CY147323.1,409,1948,4
CY147323.1,410,1855,2
CY147323.1,411,1718,2
CY147323.1,414,1748,12
CY147323.1,414,2029,2
CY147323.1,414,2035,2
CY147323.1,415,1643,1
CY147323.1,420,1502,1
CY147323.1,420,1917,43
CY147323.1,421,1684,23
CY147323.1,421,1731,7
CY147323.1,422,1720,5
CY147323.1,422,1727,4
CY147323.1,422,1787,3
CY147323.1,422,1791,4
CY147323.1,423,1725,2
CY147323.1,423,1731,9
CY147323.1,423,1782,1
CY147323.1,423,1925,6
CY147323.1,423,2029,1
CY147323.1,423,2105,1
CY147323.1,424,1812,1
CY147323.1,425,1842,3
CY147323.1,425,1851,2
CY147323.1,427,1695,2
CY147323.1,427,1707,2
CY147323.1,448,1876,2
CY147323.1,454,1790,2
CY147323.1,468,1450,4
CY147323.1,468,1869,2
CY147323.1,468,572,2
CY147323.1,486,1442,4
CY147323.1,493,1672,9
CY147323.1,494,1823,5
CY147323.1,496,1793,5
CY147323.1,496,1846,4
CY147323.1,49,362,4
CY147323.1,508,1518,2
CY147323.1,509,1492,3
CY147323.1,511,1861,5
CY147323.1,514,1539,1
CY147323.1,514,1853,2
CY147323.1,516,1605,2
CY147323.1,516,1644,3
CY147323.1,518,1584,7
CY147323.1,535,1775,1
CY147323.1,537,1693,1
CY147323.1,548,1705,3
CY147323.1,54,1888,1
CY147323.1,54,738,2
CY147323.1,554,1281,4
CY147323.1,554,1525,4
CY147323.1,557,1709,2
CY147323.1,559,1510,2
CY147323.1,559,1716,6
CY147323.1,56,81,1
CY147323.1,56,87,8
CY147323.1,575,1608,2
CY147323.1,57,1720,7
CY147323.1,57,80,58
CY147323.1,58,1726,14
CY147323.1,58,1901,1
CY147323.1,58,1971,11
CY147323.1,58,80,90
CY147323.1,58,85,7
CY147323.1,58,92,4
CY147323.1,591,1511,1
CY147323.1,593,1641,1
CY147323.1,597,1507,2
CY147323.1,59,175,1
CY147323.1,600,1842,2
CY147323.1,606,1395,5
CY147323.1,60,109,3
CY147323.1,60,119,1
CY147323.1,612,1291,2
CY147323.1,627,2037,1
CY147323.1,64,2051,1
CY147323.1,656,2037,2
CY147323.1,65,144,1
CY147323.1,65,1594,2
CY147323.1,65,340,1
CY147323.1,66,88,1
CY147323.1,684,2036,2
CY147323.1,68,237,1
CY147323.1,69,92,4
CY147323.1,721,1910,2
CY147323.1,72,104,2
CY147323.1,74,2001,2
CY147323.1,759,1438,3
CY147323.1,768,1363,4
CY147323.1,78,1782,1
CY147323.1,79,166,20
CY147323.1,80,102,174
CY147323.1,811,1296,1
CY147323.1,81,103,1
CY147323.1,82,134,1
CY147323.1,84,1898,1
CY147323.1,865,1891,4
CY147323.1,867,1346,3
CY147323.1,88,1723,1
CY147323.1,89,1922,1
CY147323.1,91,135,11
CY147323.1,987,1168,5
CY147323.1,98,1967,1
CY147324.1,100,1984,1
CY147324.1,1035,1889,1
CY147324.1,103,2036,12
CY147324.1,104,2086,1
CY147324.1,104,2097,1
CY147324.1,105,2137,2
CY147324.1,106,128,2
CY147324.1,106,2005,2
CY147324.1,106,2136,2
CY147324.1,107,2098,4
CY147324.1,107,2138,6
CY147324.1,110,2097,27
CY147324.1,1118,2136,2
CY147324.1,111,2093,2
CY147324.1,112,2065,1
CY147324.1,113,2096,447
CY147324.1,113,2099,1
CY147324.1,113,2119,1
CY147324.1,1146,1175,1
CY147324.1,1147,2064,1
CY147324.1,114,2108,1581
CY147324.1,115,2109,8
CY147324.1,116,2113,2
CY147324.1,117,2097,3
CY147324.1,1181,1252,1
CY147324.1,120,2217,2
CY147324.1,121,2055,248
CY147324.1,125,2115,1
CY147324.1,127,163,3
CY147324.1,127,1882,12
CY147324.1,127,2066,1
CY147324.1,127,2081,2
CY147324.1,127,2083,7
CY147324.1,127,2086,8
CY147324.1,127,2137,2
CY147324.1,128,2066,2
CY147324.1,128,2086,3
CY147324.1,129,2034,3
CY147324.1,129,2138,3
CY147324.1,130,2063,1
CY147324.1,130,2161,2
CY147324.1,131,2044,5
CY147324.1,131,2093,2
CY147324.1,134,2092,3
CY147324.1,140,2147,20
CY147324.1,141,2086,2
CY147324.1,141,2097,3
CY147324.1,141,2146,30
CY147324.1,142,2072,1
CY147324.1,145,2127,12
CY147324.1,146,2000,1
CY147324.1,148,2057,1
CY147324.1,149,2032,276
CY147324.1,150,1999,3
CY147324.1,150,2033,1
CY147324.1,151,2058,1
CY147324.1,151,2110,1
CY147324.1,152,2096,2
CY147324.1,153,2012,4
CY147324.1,153,2112,195
CY147324.1,155,2106,1
CY147324.1,157,2120,1
CY147324.1,162,1957,2
CY147324.1,166,2059,3
CY147324.1,166,2065,3
CY147324.1,167,2015,2
CY147324.1,171,2033,5
CY147324.1,171,2083,54
CY147324.1,172,1962,1
CY147324.1,172,2048,2
CY147324.1,172,2057,2
CY147324.1,172,2136,55
CY147324.1,1730,1788,2
CY147324.1,1731,2098,1
CY147324.1,173,2016,3
CY147324.1,174,2000,398
CY147324.1,175,1941,61
CY147324.1,175,1992,1
CY147324.1,176,1942,1
CY147324.1,176,2122,7
CY147324.1,177,2040,1
CY147324.1,177,2160,6
CY147324.1,179,1969,10
CY147324.1,179,2161,1
CY147324.1,180,2051,7
CY147324.1,181,2032,7
CY147324.1,181,2065,7
CY147324.1,182,1971,128
CY147324.1,182,1978,1
CY147324.1,182,2074,2
CY147324.1,182,2093,1
CY147324.1,183,1967,2
CY147324.1,183,1972,1
CY147324.1,183,1975,1
CY147324.1,183,2055,2
CY147324.1,183,2092,81
CY147324.1,1845,1882,2
CY147324.1,1846,2137,5
CY147324.1,1852,1882,1
CY147324.1,1859,1882,2
CY147324.1,185,2047,2
CY147324.1,186,2062,4
CY147324.1,186,2065,4
CY147324.1,1881,1914,3
CY147324.1,189,2176,1
CY147324.1,191,1989,8
CY147324.1,191,2033,4574
CY147324.1,191,2086,37
CY147324.1,191,2097,57
CY147324.1,192,1957,2
CY147324.1,192,2083,2
CY147324.1,193,2035,1
CY147324.1,193,2099,1
CY147324.1,193,2138,5
CY147324.1,193,235,4
CY147324.1,194,1976,34
CY147324.1,194,2033,1
CY147324.1,194,2072,8
CY147324.1,1956,1989,1
CY147324.1,196,1956,11
CY147324.1,196,1991,3
CY147324.1,196,2032,67
CY147324.1,197,1951,6
CY147324.1,197,1980,3
CY147324.1,197,1990,3
CY147324.1,197,2013,4
CY147324.1,197,2038,4
CY147324.1,1997,2071,4
CY147324.1,2004,2033,5
CY147324.1,2017,2041,1
CY147324.1,2024,2053,3
CY147324.1,2031,2121,4
CY147324.1,2050,2072,1
CY147324.1,2053,2159,1
CY147324.1,2056,2121,4
CY147324.1,2058,2098,2
CY147324.1,2059,2083,2
CY147324.1,2059,2097,4
CY147324.1,2062,2092,4
CY147324.1,2070,2147,4
CY147324.1,2082,2150,3
CY147324.1,2084,2118,4
CY147324.1,2086,2117,1
CY147324.1,2093,2142,1
CY147324.1,2121,2148,1
CY147324.1,212,1968,2
CY147324.1,2134,2165,3
CY147324.1,2135,2229,2
CY147324.1,2145,2189,1
CY147324.1,214,2027,1
CY147324.1,214,2092,1
CY147324.1,2152,2213,2
CY147324.1,2156,2240,1
CY147324.1,215,1957,1
CY147324.1,215,1989,6
CY147324.1,215,2066,4
CY147324.1,215,2072,3
CY147324.1,215,2083,3
CY147324.1,215,2086,2
CY147324.1,215,2146,2
CY147324.1,215,309,4
CY147324.1,216,2079,1
CY147324.1,216,2098,3
CY147324.1,216,241,2
CY147324.1,2170,2194,1
CY147324.1,217,2025,3
CY147324.1,2183,2220,2
CY147324.1,2190,2228,3
CY147324.1,2192,2222,2
CY147324.1,2211,2239,1
CY147324.1,225,2065,6
CY147324.1,233,1957,2
CY147324.1,233,285,1
CY147324.1,238,2019,5
CY147324.1,239,1957,6
CY147324.1,245,2178,25
CY147324.1,247,1970,45
CY147324.1,247,2114,2
CY147324.1,249,1986,6
CY147324.1,249,2137,2
CY147324.1,251,1840,2
CY147324.1,251,2032,2
CY147324.1,251,2118,2
CY147324.1,252,2075,2
CY147324.1,254,2146,2
CY147324.1,262,1806,1
CY147324.1,264,2034,41
CY147324.1,267,2050,3
CY147324.1,270,2075,2
CY147324.1,274,1997,3
CY147324.1,277,1842,3
CY147324.1,277,2037,1
CY147324.1,280,2134,2
CY147324.1,283,1882,1
CY147324.1,283,2066,1
CY147324.1,284,1957,3
CY147324.1,285,1752,1
CY147324.1,285,2040,1
CY147324.1,28,202,1
CY147324.1,292,2159,8
CY147324.1,294,1816,5
CY147324.1,297,2024,1
CY147324.1,297,2062,1
CY147324.1,298,2107,1
CY147324.1,299,2140,1
CY147324.1,304,1821,2
CY147324.1,306,2144,3
CY147324.1,306,2236,1
CY147324.1,307,2237,1
CY147324.1,308,2033,1
CY147324.1,308,2083,3
CY147324.1,309,2017,1
CY147324.1,311,449,5
CY147324.1,312,1979,2
CY147324.1,316,1879,1
CY147324.1,317,1882,32
CY147324.1,317,1982,1
CY147324.1,317,1989,1
CY147324.1,318,1854,7
CY147324.1,318,2024,2
CY147324.1,318,2182,3
CY147324.1,320,1969,16
CY147324.1,323,1810,3
CY147324.1,324,1762,2
CY147324.1,327,1731,2
CY147324.1,329,1754,2
CY147324.1,329,1927,3
CY147324.1,331,2196,1
CY147324.1,332,1882,7
CY147324.1,332,1973,1
CY147324.1,332,1986,6
CY147324.1,332,2083,2
CY147324.1,333,1981,4
CY147324.1,333,2194,1
CY147324.1,334,1880,3
CY147324.1,334,2016,1
CY147324.1,335,2203,1
CY147324.1,337,1987,4
CY147324.1,337,2203,1
CY147324.1,340,1792,2
CY147324.1,340,1882,6
CY147324.1,340,1983,2
CY147324.1,340,2035,3
CY147324.1,341,1882,7
CY147324.1,341,2151,7
CY147324.1,342,2207,1172
CY147324.1,343,1882,8
CY147324.1,343,1976,1
CY147324.1,344,2210,2
CY147324.1,346,1888,3
CY147324.1,347,1848,2
CY147324.1,348,1958,1
CY147324.1,349,1988,3
CY147324.1,354,1816,2
CY147324.1,355,1885,2
CY147324.1,355,1895,1
CY147324.1,356,1880,3
CY147324.1,358,1824,1
CY147324.1,358,2085,1
CY147324.1,359,1911,2
CY147324.1,364,1882,21
CY147324.1,369,1824,5
CY147324.1,36,1972,2
CY147324.1,371,1755,2
CY147324.1,373,1792,5
CY147324.1,373,1882,4
CY147324.1,373,1902,9
CY147324.1,37,1971,289
CY147324.1,37,2093,5
CY147324.1,37,336,5
CY147324.1,37,81,3
CY147324.1,380,1914,2
CY147324.1,383,1884,4
CY147324.1,388,1742,6
CY147324.1,389,1806,2
CY147324.1,389,1821,4
CY147324.1,38,168,1
CY147324.1,38,1972,1
CY147324.1,38,63,5
CY147324.1,392,1810,2
CY147324.1,392,1955,9
CY147324.1,393,1812,2
CY147324.1,394,1906,2
CY147324.1,395,1792,2
CY147324.1,395,1882,2
CY147324.1,396,1790,8
CY147324.1,397,1886,1
CY147324.1,399,1882,8
CY147324.1,399,2010,2
CY147324.1,402,1964,3
CY147324.1,403,1673,2
CY147324.1,404,2002,2
CY147324.1,409,1881,2
CY147324.1,40,2067,48
CY147324.1,40,2068,2
CY147324.1,410,1806,2
CY147324.1,411,2023,4
CY147324.1,417,1805,1
CY147324.1,41,64,1
CY147324.1,431,1841,3
CY147324.1,432,1793,5
CY147324.1,436,1731,10
CY147324.1,436,1882,6
CY147324.1,436,1989,1
CY147324.1,439,1851,2
CY147324.1,446,1766,3
CY147324.1,448,1809,1
CY147324.1,448,1867,4
CY147324.1,449,1767,2
CY147324.1,449,1833,2
CY147324.1,450,1981,4
CY147324.1,450,502,3
CY147324.1,460,1857,1
CY147324.1,468,1847,87
CY147324.1,471,1521,4
CY147324.1,472,1854,2
CY147324.1,474,1787,6
CY147324.1,475,1867,3
CY147324.1,480,2046,4
CY147324.1,482,1882,3
CY147324.1,484,1719,2
CY147324.1,486,661,2
CY147324.1,488,1632,1
CY147324.1,488,1882,4
CY147324.1,494,1883,2
CY147324.1,495,1804,4
CY147324.1,497,2098,3
CY147324.1,498,1619,3
CY147324.1,49,2148,1
CY147324.1,503,2014,3
CY147324.1,508,1777,2
CY147324.1,515,1807,2
CY147324.1,518,1807,1
CY147324.1,519,1705,2
CY147324.1,51,81,2
CY147324.1,533,1900,5
CY147324.1,545,1774,1
CY147324.1,547,1792,9
CY147324.1,54,81,5
CY147324.1,563,1674,2
CY147324.1,571,1787,1
CY147324.1,575,838,2
CY147324.1,58,82,1
CY147324.1,61,127,1
CY147324.1,629,1761,2
CY147324.1,634,1639,3
CY147324.1,63,129,1191
CY147324.1,640,1705,2
CY147324.1,64,130,4
CY147324.1,758,1647,1
CY147324.1,759,1648,3
CY147324.1,77,2059,5
CY147324.1,77,2095,1
CY147324.1,81,122,4
CY147324.1,81,2061,86
CY147324.1,81,2096,8
CY147324.1,82,2056,1
CY147324.1,877,1792,2
CY147324.1,91,2123,1
CY147324.1,924,2218,2
CY147324.1,93,2123,2
CY147324.1,97,2151,2
CY147324.1,98,123,1
CY147324.1,99,142,1
CY147324.1,99,2097,2
CY147325.1,101,2123,1
CY147325.1,103,2076,10
CY147325.1,104,2116,1
CY147325.1,105,2094,9
CY147325.1,106,2092,2
CY147325.1,107,2073,1
CY147325.1,109,136,1
CY147325.1,112,2017,1
CY147325.1,113,149,2
CY147325.1,114,2011,1
CY147325.1,115,2118,2
CY147325.1,116,2112,22
CY147325.1,119,162,3
CY147325.1,119,166,1
CY147325.1,119,178,2
CY147325.1,120,157,3
CY147325.1,120,2053,1
CY147325.1,120,2069,1
CY147325.1,121,2082,4
CY147325.1,124,2001,2
CY147325.1,124,2046,1
CY147325.1,125,2016,1
CY147325.1,126,161,1
CY147325.1,129,2056,1
CY147325.1,132,1780,1
CY147325.1,133,1961,2
CY147325.1,133,2025,9
CY147325.1,134,1972,3
CY147325.1,134,2030,1
CY147325.1,134,2100,2
CY147325.1,135,348,2
CY147325.1,136,1977,1
CY147325.1,136,2115,2
CY147325.1,137,2060,113
CY147325.1,137,2067,1
CY147325.1,137,2072,1
CY147325.1,138,175,10
CY147325.1,138,1990,632
CY147325.1,138,2028,2
CY147325.1,138,2114,1
CY147325.1,139,2068,7
CY147325.1,139,2079,1
CY147325.1,139,2096,2
CY147325.1,141,164,85
CY147325.1,142,183,1
CY147325.1,142,2027,3
CY147325.1,142,2065,2
CY147325.1,142,2106,1
CY147325.1,142,2126,52
CY147325.1,142,2130,2
CY147325.1,1439,1471,1
CY147325.1,143,1879,1
CY147325.1,143,1927,2
CY147325.1,143,2021,1
CY147325.1,143,2040,2
CY147325.1,143,2043,2
CY147325.1,143,2048,1
CY147325.1,143,2053,2
CY147325.1,143,2056,1
CY147325.1,143,2061,3
CY147325.1,143,2068,13
CY147325.1,143,2071,14
CY147325.1,143,2079,2
CY147325.1,143,2116,4
CY147325.1,143,2118,7
CY147325.1,143,2167,2
CY147325.1,143,219,4
CY147325.1,144,202,5
CY147325.1,144,2036,3
CY147325.1,144,2061,10
CY147325.1,144,2072,1
CY147325.1,144,2082,41
CY147325.1,144,2105,20
CY147325.1,144,2122,1
CY147325.1,1452,1659,2
CY147325.1,145,2034,4
CY147325.1,145,2050,3
CY147325.1,145,2064,7
CY147325.1,145,2139,4
CY147325.1,146,2100,2
CY147325.1,146,2103,2
CY147325.1,146,211,8
CY147325.1,146,2157,13
CY147325.1,147,2083,17
CY147325.1,147,2093,55
CY147325.1,147,2125,61
CY147325.1,148,201,72
CY147325.1,148,2044,16
CY147325.1,148,2048,5
CY147325.1,148,2062,2
CY147325.1,148,2068,1
CY147325.1,148,2071,5
CY147325.1,148,2081,8
CY147325.1,148,2096,18
CY147325.1,148,2108,5
CY147325.1,148,237,2
CY147325.1,148,253,1
CY147325.1,149,1916,1
CY147325.1,149,2071,4
CY147325.1,149,2080,8
CY147325.1,150,2036,1
CY147325.1,150,2063,47
CY147325.1,150,2109,1
CY147325.1,150,218,4
CY147325.1,151,2009,5
CY147325.1,151,201,1
CY147325.1,151,2082,17
CY147325.1,151,2083,8
CY147325.1,151,2090,8
CY147325.1,151,2106,1
CY147325.1,151,2125,1
CY147325.1,152,2017,12
CY147325.1,152,2021,6
CY147325.1,152,2053,2
CY147325.1,152,2061,2
CY147325.1,152,2068,8
CY147325.1,152,2071,15
CY147325.1,152,2080,8
CY147325.1,152,2116,7
CY147325.1,152,2122,1
CY147325.1,152,2129,5
CY147325.1,152,2160,3
CY147325.1,152,2167,2
CY147325.1,152,2175,1
CY147325.1,153,1984,6
CY147325.1,153,2033,25
CY147325.1,153,2036,1
CY147325.1,153,2045,1
CY147325.1,153,2063,1
CY147325.1,153,2109,2
CY147325.1,154,1950,1
CY147325.1,154,2025,1
CY147325.1,154,2027,2
CY147325.1,154,203,8
CY147325.1,154,2066,1
CY147325.1,154,2072,2
CY147325.1,155,178,7
CY147325.1,155,1983,5
CY147325.1,155,201,3
CY147325.1,155,2017,2
CY147325.1,155,2035,1
CY147325.1,155,2044,4
CY147325.1,155,2167,1
CY147325.1,156,179,1
CY147325.1,156,2014,2
CY147325.1,156,2020,1
CY147325.1,156,2057,1
CY147325.1,156,2116,1
CY147325.1,156,2117,1
CY147325.1,156,2120,1
CY147325.1,157,2006,2
CY147325.1,158,2023,18
CY147325.1,158,2050,1
CY147325.1,158,2066,1
CY147325.1,159,2078,1
CY147325.1,161,1781,2
CY147325.1,161,2021,211
CY147325.1,161,2048,16
CY147325.1,161,2053,2
CY147325.1,161,2056,2
CY147325.1,161,2071,2
CY147325.1,161,2080,154
CY147325.1,161,2096,2
CY147325.1,161,2116,2
CY147325.1,161,223,4
CY147325.1,162,1984,2
CY147325.1,162,2082,1
CY147325.1,162,2091,1
CY147325.1,163,1976,1
CY147325.1,163,2020,2
CY147325.1,163,2023,1
CY147325.1,163,2046,10
CY147325.1,163,2064,7
CY147325.1,163,2073,1
CY147325.1,164,2073,4
CY147325.1,164,2094,24
CY147325.1,165,187,1
CY147325.1,165,200,4
CY147325.1,165,2016,1
CY147325.1,165,2020,1
CY147325.1,165,2031,5
CY147325.1,165,2043,32
CY147325.1,165,2052,6
CY147325.1,165,2055,1
CY147325.1,165,2056,4
CY147325.1,165,2060,4
CY147325.1,165,2061,2
CY147325.1,165,2067,3
CY147325.1,165,2078,14
CY147325.1,165,2080,68
CY147325.1,165,2095,11766
CY147325.1,165,2115,10
CY147325.1,166,1957,2
CY147325.1,166,1990,1
CY147325.1,166,2010,1
CY147325.1,166,202,2
CY147325.1,166,2028,69
CY147325.1,166,2076,285
CY147325.1,166,2089,9
CY147325.1,166,2094,1
CY147325.1,166,2103,7
CY147325.1,166,2107,17
CY147325.1,166,2127,4
CY147325.1,167,1977,2
CY147325.1,167,2024,1
CY147325.1,167,2097,25
CY147325.1,170,2040,2
CY147325.1,171,2007,3
CY147325.1,172,2043,66
CY147325.1,172,2102,2
CY147325.1,173,2047,5
CY147325.1,173,2125,1
CY147325.1,174,2028,3
CY147325.1,174,2031,1
CY147325.1,174,2076,4
CY147325.1,174,2155,2
CY147325.1,175,2024,1
CY147325.1,175,2070,2
CY147325.1,177,2035,2
CY147325.1,177,2061,2
CY147325.1,177,2071,2
CY147325.1,177,2080,2
CY147325.1,177,2116,2
CY147325.1,177,2117,15
CY147325.1,178,2119,2
CY147325.1,179,1964,7
CY147325.1,179,2050,12
CY147325.1,179,2098,1
CY147325.1,179,2106,2
CY147325.1,180,2095,1
CY147325.1,181,2063,1
CY147325.1,181,2123,17
CY147325.1,182,2043,3
CY147325.1,182,2055,2
CY147325.1,182,2083,1
CY147325.1,182,2132,65
CY147325.1,183,2017,2
CY147325.1,183,2103,2
CY147325.1,183,2107,3
CY147325.1,184,2006,2
CY147325.1,184,2054,12
CY147325.1,184,2080,2
CY147325.1,184,2147,6
CY147325.1,1851,2171,3
CY147325.1,186,2081,2
CY147325.1,186,217,4
CY147325.1,187,1789,3
CY147325.1,187,1955,2
CY147325.1,187,2032,1
CY147325.1,187,2053,2
CY147325.1,187,2071,1
CY147325.1,187,2118,1
CY147325.1,188,1948,3
CY147325.1,188,2008,2
CY147325.1,188,2056,5
CY147325.1,188,2059,2
CY147325.1,188,2096,6
CY147325.1,188,2117,2
CY147325.1,188,2118,6
CY147325.1,188,219,1028
CY147325.1,188,223,1
CY147325.1,189,2045,1
CY147325.1,189,220,6
CY147325.1,1907,2102,1
CY147325.1,190,2047,344
CY147325.1,190,2060,5
CY147325.1,190,2083,1
CY147325.1,190,2086,415
CY147325.1,191,2058,191
CY147325.1,192,2094,1
CY147325.1,193,2030,125
CY147325.1,1947,2057,1
CY147325.1,194,1975,1
CY147325.1,194,2009,2
CY147325.1,194,2044,4
CY147325.1,194,2167,3
CY147325.1,195,2002,100
CY147325.1,195,2021,5
CY147325.1,195,2048,4
CY147325.1,195,2053,3
CY147325.1,195,2056,2
CY147325.1,195,255,1
CY147325.1,1975,2114,28
CY147325.1,198,1950,46
CY147325.1,198,2012,2
CY147325.1,199,1975,6
CY147325.1,199,2023,2
CY147325.1,199,2027,2
CY147325.1,199,2102,2
CY147325.1,199,2114,2
CY147325.1,199,2152,4
CY147325.1,200,1825,3
CY147325.1,200,1915,2
CY147325.1,200,1948,4
CY147325.1,200,2002,8
CY147325.1,200,2013,2
CY147325.1,200,2017,49
CY147325.1,200,2020,13
CY147325.1,200,2021,27
CY147325.1,200,2048,13
CY147325.1,200,2053,4
CY147325.1,200,2056,2
CY147325.1,200,2061,22
CY147325.1,200,2068,5
CY147325.1,200,2070,3
CY147325.1,200,2071,14
CY147325.1,200,2078,7
CY147325.1,200,2079,13
CY147325.1,200,2080,31
CY147325.1,200,2089,1
CY147325.1,200,2096,12
CY147325.1,200,2116,2
CY147325.1,200,2118,1
CY147325.1,200,2129,21
CY147325.1,200,2167,2
CY147325.1,200,2183,1
CY147325.1,2016,2044,1
CY147325.1,2019,2059,3
CY147325.1,201,1941,1
CY147325.1,201,1995,1
CY147325.1,201,2033,18
CY147325.1,201,2036,15
CY147325.1,201,2045,29
CY147325.1,201,2046,3
CY147325.1,201,2058,7
CY147325.1,201,2063,16
CY147325.1,201,2138,5
CY147325.1,201,2155,2
CY147325.1,201,292,1
CY147325.1,2020,2081,2
CY147325.1,2021,2054,1
CY147325.1,2027,2114,2
CY147325.1,2028,2058,3
CY147325.1,202,2016,3
CY147325.1,202,2091,1628
CY147325.1,202,2106,2
CY147325.1,2034,2056,2
CY147325.1,203,2092,1
CY147325.1,2041,2094,2
CY147325.1,2050,2140,4
CY147325.1,205,2057,2
CY147325.1,2060,2137,2
CY147325.1,2060,2169,1
CY147325.1,2067,2116,3
CY147325.1,206,2087,33
CY147325.1,206,2106,2
CY147325.1,2075,2107,2
CY147325.1,208,1927,1
CY147325.1,208,2017,2
CY147325.1,208,2058,1
CY147325.1,208,2139,2
CY147325.1,2092,2115,2
CY147325.1,2107,2129,1
CY147325.1,210,2006,2
CY147325.1,2112,2139,1
CY147325.1,2115,2142,1
CY147325.1,2115,2175,34
CY147325.1,2117,2183,2
CY147325.1,2127,2156,1
CY147325.1,212,2013,1
CY147325.1,2134,2193,1
CY147325.1,2136,2167,2
CY147325.1,213,2139,1
CY147325.1,2141,2167,4
CY147325.1,2141,2173,1
CY147325.1,2141,2175,1
CY147325.1,2150,2177,2
CY147325.1,2150,2195,1
CY147325.1,2151,2182,2
CY147325.1,2151,2183,18
CY147325.1,2151,2202,1
CY147325.1,2152,2185,6
CY147325.1,2153,2182,3
CY147325.1,2154,2192,42
CY147325.1,2158,2194,1
CY147325.1,215,1975,1
CY147325.1,215,2000,1
CY147325.1,215,2041,2
CY147325.1,215,2098,6
CY147325.1,215,2106,2
CY147325.1,215,2194,27
CY147325.1,2160,2183,2
CY147325.1,2166,2201,1
CY147325.1,2168,2193,3
CY147325.1,216,1955,3
CY147325.1,216,2017,83
CY147325.1,216,2073,3
CY147325.1,2174,2199,1
CY147325.1,218,2044,16
CY147325.1,218,2080,2
CY147325.1,218,2161,1
CY147325.1,220,2074,2
CY147325.1,221,1919,3
CY147325.1,222,2015,1
CY147325.1,226,2051,1
CY147325.1,227,1874,2
CY147325.1,227,1954,1
CY147325.1,228,2028,5
CY147325.1,228,2055,1
CY147325.1,231,2067,1
CY147325.1,232,2020,2
CY147325.1,232,2139,1
CY147325.1,232,2180,2
CY147325.1,233,1957,2
CY147325.1,233,1976,3
CY147325.1,233,1978,2
CY147325.1,234,1956,1
CY147325.1,234,2169,103
CY147325.1,235,1948,86
CY147325.1,235,2044,1
CY147325.1,236,1948,1
CY147325.1,236,2053,14
CY147325.1,238,1940,2
CY147325.1,238,2009,2
CY147325.1,240,1976,1
CY147325.1,244,1949,1
CY147325.1,244,2093,2
CY147325.1,245,2017,2
CY147325.1,245,2021,2
CY147325.1,247,2156,34
CY147325.1,249,1933,1
CY147325.1,249,2056,1
CY147325.1,249,2071,1
CY147325.1,249,2080,2
CY147325.1,249,2182,4
CY147325.1,250,1987,1
CY147325.1,250,2045,223
CY147325.1,250,2155,1
CY147325.1,251,2073,4
CY147325.1,252,1928,2
CY147325.1,252,1948,19
CY147325.1,252,1992,3
CY147325.1,252,2031,2
CY147325.1,252,2056,1071
CY147325.1,252,2061,6
CY147325.1,252,2071,3
CY147325.1,255,2044,1
CY147325.1,256,1974,1
CY147325.1,258,1865,4
CY147325.1,259,2008,2
CY147325.1,259,2092,1
CY147325.1,262,1939,1
CY147325.1,267,1923,3
CY147325.1,268,1956,2
CY147325.1,269,1873,2
CY147325.1,269,1948,7
CY147325.1,269,2047,1
CY147325.1,270,2033,2
CY147325.1,271,1956,2
CY147325.1,272,1948,1
CY147325.1,272,2082,4
CY147325.1,272,2167,1
CY147325.1,273,304,1
CY147325.1,278,1886,3
CY147325.1,282,1805,2
CY147325.1,282,1862,2
CY147325.1,282,1866,3
CY147325.1,282,1984,561
CY147325.1,282,2093,1
CY147325.1,283,1906,2
CY147325.1,283,1909,2
CY147325.1,283,1984,2
CY147325.1,285,2044,2
CY147325.1,288,1923,1
CY147325.1,28,70,1
CY147325.1,291,1967,2
CY147325.1,294,1859,4
CY147325.1,294,1935,1
CY147325.1,294,1940,1
CY147325.1,295,1884,1
CY147325.1,295,1938,2
CY147325.1,295,2032,1
CY147325.1,295,2068,2
CY147325.1,297,1956,1
CY147325.1,297,1967,1
CY147325.1,304,2071,3
CY147325.1,305,2012,1
CY147325.1,306,1976,4
CY147325.1,306,2181,2
CY147325.1,306,2183,2
CY147325.1,307,1981,19
CY147325.1,308,1859,1
CY147325.1,309,1896,1
CY147325.1,310,1854,2
CY147325.1,310,1867,2
CY147325.1,319,2017,1
CY147325.1,323,1545,6
CY147325.1,328,1986,2
CY147325.1,341,1866,2
CY147325.1,345,1910,1
CY147325.1,348,1768,2
CY147325.1,351,1898,2
CY147325.1,353,1910,3
CY147325.1,354,1926,1
CY147325.1,354,1982,3
CY147325.1,357,2040,1
CY147325.1,360,1825,1
CY147325.1,362,1760,3
CY147325.1,364,1854,2
CY147325.1,387,2134,1
CY147325.1,39,98,1
CY147325.1,401,1981,2
CY147325.1,401,509,2
CY147325.1,408,1806,2
CY147325.1,418,1790,4
CY147325.1,419,658,2
CY147325.1,428,1777,3
CY147325.1,434,1776,2
CY147325.1,435,1769,3
CY147325.1,436,1782,5
CY147325.1,446,1775,2
CY147325.1,446,1788,1
CY147325.1,450,2021,1
CY147325.1,456,1753,2
CY147325.1,456,1789,2
CY147325.1,456,1825,6
CY147325.1,463,1599,4
CY147325.1,464,1813,4
CY147325.1,467,1750,1
CY147325.1,467,1871,1
CY147325.1,470,1738,2
CY147325.1,475,1998,2
CY147325.1,492,1768,1
CY147325.1,501,1769,11
CY147325.1,508,1684,2
CY147325.1,514,1770,2
CY147325.1,531,1868,2
CY147325.1,537,1610,1
CY147325.1,561,1602,4
CY147325.1,572,2217,2
CY147325.1,583,2165,2
CY147325.1,584,1623,2
CY147325.1,587,1651,2
CY147325.1,589,1638,2
CY147325.1,61,93,1
CY147325.1,62,95,1
CY147325.1,631,1540,3
CY147325.1,631,1595,1
CY147325.1,63,93,202
CY147325.1,65,1908,2
CY147325.1,70,2000,1
CY147325.1,716,1445,2
CY147325.1,72,2107,2
CY147325.1,80,107,1
CY147325.1,80,2005,2
CY147325.1,84,107,1
CY147325.1,84,2117,2
CY147325.1,91,1936,1
CY147325.1,91,2061,2
CY147325.1,91,2077,1
CY147325.1,91,2115,3
CY147325.1,91,2153,4
CY147325.1,92,1536,3
CY147325.1,92,167,1
CY147325.1,92,1944,16
CY147325.1,93,193,1
CY147325.1,93,1975,2
CY147325.1,93,2056,1
CY147325.1,93,2117,2
CY147325.1,94,2072,2
CY147325.1,958,1942,2
CY147325.1,95,128,2
CY147325.1,95,2125,1
CY147325.1,98,2096,4
